{
  "metrics": {
    "random_forest": {
      "accuracy": 0.79,
      "precision_macro": 0.7571971207229918,
      "recall_macro": 0.7479433355170354,
      "f1_macro": 0.7517148279744917
    },
    "logistic_regression": {
      "accuracy": 0.804,
      "precision_macro": 0.7724183404341652,
      "recall_macro": 0.8023308691651945,
      "f1_macro": 0.7849608154934486
    },
    "lightgbm": {
      "accuracy": 0.792,
      "precision_macro": 0.7652636735245432,
      "recall_macro": 0.7462590905656823,
      "f1_macro": 0.7546020036113572
    }
  },
  "errors": {}
}